RCP26_ind,RCP26_land,RCP45_ind,RCP45_land,RCP60_ind,RCP60_land,RCP85_ind,RCP85_land
33.1939803,3.7197069,33.8718237,2.2938162,32.0080293,2.3530221,37.5088623,3.5747166
33.36492588,3.68902248,34.33524276,2.08492752,32.16885672,2.18031684,38.46638484,3.52441908
33.53587146,3.65833806,34.79866182,1.87603884,32.32968414,2.00761158,39.42390738,3.47412156
33.70681704,3.62765364,35.26208088,1.66715016,32.49051156,1.83490632,40.38142992,3.42382404
33.87776262,3.59696922,35.72549994,1.45826148,32.65133898,1.66220106,41.33895246,3.37352652
34.0487082,3.5662848,36.188919,1.2493728,32.8121664,1.4894958,42.296475,3.323229
33.26755692,3.49886706,36.58550688,1.2037311,33.19515342,1.13624004,43.14024156,3.2530251
32.48640564,3.43144932,36.98209476,1.1580894,33.57814044,0.78298428,43.98400812,3.1828212
31.70525436,3.36403158,37.37868264,1.1124477,33.96112746,0.42972852,44.82777468,3.1126173
30.92410308,3.29661384,37.77527052,1.066806,34.34411448,0.07647276,45.67154124,3.0424134
30.1429518,3.2291961,38.1718584,1.0211643,34.7271015,-0.276783,46.5153078,2.9722095
29.36180052,3.16177836,38.56844628,0.9755226,35.11008852,-0.63003876,47.35907436,2.9020056
28.58064924,3.09436062,38.96503416,0.9298809,35.49307554,-0.98329452,48.20284092,2.8318017
27.79949796,3.02694288,39.36162204,0.8842392,35.87606256,-1.33655028,49.04660748,2.7615978
27.01834668,2.95952514,39.75820992,0.8385975,36.25904958,-1.68980604,49.89037404,2.6913939
26.2371954,2.8921074,40.1547978,0.7929558,36.6420366,-2.0430618,50.7341406,2.62119
25.2759702,2.78216406,40.29582882,0.78650364,37.21363932,-2.10054468,51.8146941,2.595528
24.314745,2.67222072,40.43685984,0.78005148,37.78524204,-2.15802756,52.8952476,2.569866
23.3535198,2.56227738,40.57789086,0.77359932,38.35684476,-2.21551044,53.9758011,2.544204
22.3922946,2.45233404,40.71892188,0.76714716,38.92844748,-2.27299332,55.0563546,2.518542
21.4310694,2.3423907,40.8599529,0.760695,39.5000502,-2.3304762,56.1369081,2.49288
20.4698442,2.23244736,41.00098392,0.75424284,40.07165292,-2.38795908,57.2174616,2.467218
19.508619,2.12250402,41.14201494,0.74779068,40.64325564,-2.44544196,58.2980151,2.441556
18.5473938,2.01256068,41.28304596,0.74133852,41.21485836,-2.50292484,59.3785686,2.415894
17.5861686,1.90261734,41.42407698,0.73488636,41.78646108,-2.56040772,60.4591221,2.390232
16.6249434,1.792674,41.565108,0.7284342,42.3580638,-2.6178906,61.5396756,2.36457
16.13029002,1.68716652,41.45267178,0.74672754,42.9041145,-2.52613062,62.7927144,2.3392746
15.63563664,1.58165904,41.34023556,0.76502088,43.4501652,-2.43437064,64.0457532,2.3139792
15.14098326,1.47615156,41.22779934,0.78331422,43.9962159,-2.34261066,65.298792,2.2886838
14.64632988,1.37064408,41.11536312,0.80160756,44.5422666,-2.25085068,66.5518308,2.2633884
14.1516765,1.2651366,41.0029269,0.8199009,45.0883173,-2.1590907,67.8048696,2.238093
13.65702312,1.15962912,40.89049068,0.83819424,45.634368,-2.06733072,69.0579084,2.2127976
13.16236974,1.05412164,40.77805446,0.85648758,46.1804187,-1.97557074,70.3109472,2.1875022
12.66771636,0.94861416,40.66561824,0.87478092,46.7264694,-1.88381076,71.563986,2.1622068
12.17306298,0.84310668,40.55318202,0.89307426,47.2725201,-1.79205078,72.8170248,2.1369114
11.6784096,0.7375992,40.4407458,0.9113676,47.8185708,-1.7002908,74.0700636,2.111616
11.03084736,0.8893716,39.84315114,0.8877219,48.47133876,-1.62499116,75.3133875,2.084121
10.38328512,1.041144,39.24555648,0.8640762,49.12410672,-1.54969152,76.5567114,2.056626
9.73572288,1.1929164,38.64796182,0.8404305,49.77687468,-1.47439188,77.8000353,2.029131
9.08816064,1.3446888,38.05036716,0.8167848,50.42964264,-1.39909224,79.0433592,2.001636
8.4405984,1.4964612,37.4527725,0.7931391,51.0824106,-1.3237926,80.2866831,1.974141
7.79303616,1.6482336,36.85517784,0.7694934,51.73517856,-1.24849296,81.530007,1.946646
7.14547392,1.800006,36.25758318,0.7458477,52.38794652,-1.17319332,82.7733309,1.919151
6.49791168,1.9517784,35.65998852,0.722202,53.04071448,-1.09789368,84.0166548,1.891656
5.85034944,2.1035508,35.06239386,0.6985563,53.69348244,-1.02259404,85.2599787,1.864161
5.2027872,2.2553232,34.4647992,0.6749106,54.3462504,-0.9472944,86.5033026,1.836666
4.7249241,2.227095,33.6278514,0.64547262,54.96272496,-0.86330634,87.37071486,1.8040386
4.247061,2.1988668,32.7909036,0.61603464,55.57919952,-0.77931828,88.23812712,1.7714112
3.7691979,2.1706386,31.9539558,0.58659666,56.19567408,-0.69533022,89.10553938,1.7387838
3.2913348,2.1424104,31.117008,0.55715868,56.81214864,-0.61134216,89.97295164,1.7061564
2.8134717,2.1141822,30.2800602,0.5277207,57.4286232,-0.5273541,90.8403639,1.673529
2.3356086,2.085954,29.4431124,0.49828272,58.04509776,-0.44336604,91.70777616,1.6409016
1.8577455,2.0577258,28.6061646,0.46884474,58.66157232,-0.35937798,92.57518842,1.6082742
1.3798824,2.0294976,27.7692168,0.43940676,59.27804688,-0.27538992,93.44260068,1.5756468
0.9020193,2.0012694,26.932269,0.40996878,59.89452144,-0.19140186,94.31001294,1.5430194
0.4241562,1.9730412,26.0953212,0.3805308,60.510996,-0.1074138,95.1774252,1.510392
0.22300278,1.97736708,25.01894694,0.3453372,60.79496436,-0.00718536,95.70675894,1.4726322
0.02184936,1.98169296,23.94257268,0.3101436,61.07893272,0.09304308,96.23609268,1.4348724
-0.17930406,1.98601884,22.86619842,0.27495,61.36290108,0.19327152,96.76542642,1.3971126
-0.38045748,1.99034472,21.78982416,0.2397564,61.64686944,0.29349996,97.29476016,1.3593528
-0.5816109,1.9946706,20.7134499,0.2045628,61.9308378,0.3937284,97.8240939,1.321593
-0.78276432,1.99899648,19.63707564,0.1693692,62.21480616,0.49395684,98.35342764,1.2838332
-0.98391774,2.00332236,18.56070138,0.1341756,62.49877452,0.59418528,98.88276138,1.2460734
-1.18507116,2.00764824,17.48432712,0.098982,62.78274288,0.69441372,99.41209512,1.2083136
-1.38622458,2.01197412,16.40795286,0.0637884,63.06671124,0.79464216,99.94142886,1.1705538
-1.587378,2.0163,15.3315786,0.0285948,63.3506796,0.8948706,100.4707626,1.132794
-1.74772884,2.03550984,15.33539124,0.03567018,62.2627941,0.89428404,100.81192056,1.090635
-1.90807968,2.05471968,15.33920388,0.04274556,61.1749086,0.89369748,101.15307852,1.048476
-2.06843052,2.07392952,15.34301652,0.04982094,60.0870231,0.89311092,101.49423648,1.006317
-2.22878136,2.09313936,15.34682916,0.05689632,58.9991376,0.89252436,101.83539444,0.964158
-2.3891322,2.1123492,15.3506418,0.0639717,57.9112521,0.8919378,102.1765524,0.921999
-2.54948304,2.13155904,15.35445444,0.07104708,56.8233666,0.89135124,102.51771036,0.87984
-2.70983388,2.15076888,15.35826708,0.07812246,55.7354811,0.89076468,102.85886832,0.837681
-2.87018472,2.16997872,15.36207972,0.08519784,54.6475956,0.89017812,103.20002628,0.795522
-3.03053556,2.18918856,15.36589236,0.09227322,53.5597101,0.88959156,103.54118424,0.753363
-3.1908864,2.2083984,15.369705,0.0993486,52.4718246,0.889005,103.8823422,0.711204
-3.21302904,2.17500114,15.3735543,0.10638732,52.26660192,0.86660574,104.03019198,0.6683118
-3.23517168,2.14160388,15.3774036,0.11342604,52.06137924,0.84420648,104.17804176,0.6254196
-3.25731432,2.10820662,15.3812529,0.12046476,51.85615656,0.82180722,104.32589154,0.5825274
-3.27945696,2.07480936,15.3851022,0.12750348,51.65093388,0.79940796,104.47374132,0.5396352
-3.3015996,2.0414121,15.3889515,0.1345422,51.4457112,0.7770087,104.6215911,0.496743
-3.32374224,2.00801484,15.3928008,0.14158092,51.24048852,0.75460944,104.76944088,0.4538508
-3.34588488,1.97461758,15.3966501,0.14861964,51.03526584,0.73221018,104.91729066,0.4109586
-3.36802752,1.94122032,15.4004994,0.15565836,50.83004316,0.70981092,105.06514044,0.3680664
-3.39017016,1.90782306,15.4043487,0.16269708,50.62482048,0.68741166,105.21299022,0.3251742
-3.4123128,1.8744258,15.408198,0.1697358,50.4195978,0.6650124,105.36084,0.282282
-3.4123128,1.799448768,14.99709276,0.1629537,49.667833176,0.638411904,105.36084,0.27099072
-3.4123128,1.724471736,14.58598752,0.1561716,48.916068552,0.611811408,105.36084,0.25969944
-3.4123128,1.649494704,14.17488228,0.1493895,48.164303928,0.585210912,105.36084,0.24840816
-3.4123128,1.574517672,13.76377704,0.1426074,47.412539304,0.558610416,105.36084,0.23711688
-3.4123128,1.49954064,13.3526718,0.1358253,46.66077468,0.53200992,105.36084,0.2258256
-3.4123128,1.424563608,12.94156656,0.1290432,45.909010056,0.505409424,105.36084,0.21453432
-3.4123128,1.349586576,12.53046132,0.1222611,45.157245432,0.478808928,105.36084,0.20324304
-3.4123128,1.274609544,12.11935608,0.115479,44.405480808,0.452208432,105.36084,0.19195176
-3.4123128,1.199632512,11.70825084,0.1086969,43.653716184,0.425607936,105.36084,0.18066048
-3.4123128,1.12465548,11.2971456,0.1019148,42.90195156,0.39900744,105.36084,0.1693692
-3.4123128,1.049678448,11.00492874,0.09509604,42.150186936,0.372406944,105.36084,0.15807792
-3.4123128,0.974701416,10.71271188,0.08827728,41.398422312,0.345806448,105.36084,0.14678664
-3.4123128,0.899724384,10.42049502,0.08145852,40.646657688,0.319205952,105.36084,0.13549536
-3.4123128,0.824747352,10.12827816,0.07463976,39.894893064,0.292605456,105.36084,0.12420408
-3.4123128,0.74977032,9.8360613,0.067821,39.14312844,0.26600496,105.36084,0.1129128
-3.4123128,0.674793288,9.54384444,0.06100224,38.391363816,0.239404464,105.36084,0.10162152
-3.4123128,0.599816256,9.25162758,0.05418348,37.639599192,0.212803968,105.36084,0.09033024
-3.4123128,0.524839224,8.95941072,0.04736472,36.887834568,0.186203472,105.36084,0.07903896
-3.4123128,0.449862192,8.66719386,0.04054596,36.136069944,0.159602976,105.36084,0.06774768
-3.4123128,0.37488516,8.374977,0.0337272,35.38430532,0.13300248,105.36084,0.0564564
-3.4123128,0.299908128,8.2574817,0.03035448,34.632540696,0.106401984,105.36084,0.04516512
-3.4123128,0.224931096,8.1399864,0.02698176,33.880776072,0.079801488,105.36084,0.03387384
-3.4123128,0.149954064,8.0224911,0.02360904,33.129011448,0.053200992,105.36084,0.02258256
-3.4123128,0.074977032,7.9049958,0.02023632,32.377246824,0.026600496,105.36084,0.01129128
-3.4123128,0,7.7875005,0.0168636,31.6254822,0,105.36084,0
-3.4123128,0,7.6700052,0.01349088,30.8737131768,0,105.36084,0
-3.4123128,0,7.5525099,0.01011816,30.1219441536,0,105.36084,0
-3.4123128,0,7.4350146,0.00674544,29.3701747638,0,105.36084,0
-3.4123128,0,7.3175193,0.00337272,28.6184057406,0,105.36084,0
-3.4123128,0,7.200024,0,27.8666367174,0,105.36084,0
-3.4123128,0,7.10665098,0,27.1148676942,0,105.36084,0
-3.4123128,0,7.01327796,0,26.363098671,0,105.36084,0
-3.4123128,0,6.91990494,0,25.6113296478,0,105.36084,0
-3.4123128,0,6.82653192,0,24.859560258,0,105.36084,0
-3.4123128,0,6.7331589,0,24.1077912348,0,105.36084,0
-3.4123128,0,6.63978588,0,23.3560222116,0,105.36084,0
-3.4123128,0,6.54641286,0,22.6042531884,0,105.36084,0
-3.4123128,0,6.45303984,0,21.8524841652,0,105.36084,0
-3.4123128,0,6.35966682,0,21.100715142,0,105.36084,0
-3.4123128,0,6.2662938,0,20.3489457522,0,105.36084,0
-3.4123128,0,6.170382075,0,19.597176729,0,105.36084,0
-3.4123128,0,6.07447035,0,18.8454077058,0,105.36084,0
-3.4123128,0,5.978558625,0,18.0936386826,0,105.36084,0
-3.4123128,0,5.8826469,0,17.3418696594,0,105.36084,0
-3.4123128,0,5.786735175,0,16.5901006362,0,105.36084,0
-3.4123128,0,5.69082345,0,15.8383312464,0,105.36084,0
-3.4123128,0,5.594911725,0,15.0865622232,0,105.36084,0
-3.4123128,0,5.499,0,14.3347932,0,105.36084,0
-3.4123128,0,5.6287764,0,13.0795548,0,105.36084,0
-3.4123128,0,5.6705688,0,12.8537292,0,105.36084,0
-3.4123128,0,5.6936646,0,12.601875,0,104.37177153,0
-3.4123128,0,5.6995302,0,12.3606522,0,103.38270306,0
-3.4123128,0,5.6921982,0,12.1395924,0,102.39363459,0
-3.4123128,0,5.6757012,0,11.930997,0,101.40456612,0
-3.4123128,0,5.6526054,0,11.733033,0,100.415501316,0
-3.4123128,0,5.6177784,0,11.55757824,0,99.426432846,0
-3.4123128,0,5.5829514,0,11.38212348,0,98.437364376,0
-3.4123128,0,5.5481244,0,11.20666872,0,97.448295906,0
-3.4123128,0,5.5132974,0,11.03121396,0,96.459227436,0
-3.4123128,0,5.4784704,0,10.8557592,0,95.470158966,0
-3.4123128,0,5.43708126,0,10.70853264,0,94.481090496,0
-3.4123128,0,5.39569212,0,10.56130608,0,93.492022026,0
-3.4123128,0,5.35430298,0,10.41407952,0,92.502953556,0
-3.4123128,0,5.31291384,0,10.26685296,0,91.513885086,0
-3.4123128,0,5.2715247,0,10.1196264,0,90.524820282,0
-3.4123128,0,5.23013556,0,9.9927828,0,89.535751812,0
-3.4123128,0,5.18874642,0,9.8659392,0,88.546683342,0
-3.4123128,0,5.14735728,0,9.7390956,0,87.557614872,0
-3.4123128,0,5.10596814,0,9.612252,0,86.568546402,0
-3.4123128,0,5.064579,0,9.4854084,0,85.579477932,0
-3.4123128,0,5.0268192,0,9.37410864,0,84.590409462,0
-3.4123128,0,4.9890594,0,9.26280888,0,83.601340992,0
-3.4123128,0,4.9512996,0,9.15150912,0,82.612272522,0
-3.4123128,0,4.9135398,0,9.04020936,0,81.623204052,0
-3.4123128,0,4.87578,0,8.9289096,0,80.634139248,0
-3.4123128,0,4.8380202,0,8.83080744,0,79.645070778,0
-3.4123128,0,4.8002604,0,8.73270528,0,78.656002308,0
-3.4123128,0,4.7625006,0,8.63460312,0,77.666933838,0
-3.4123128,0,4.7247408,0,8.53650096,0,76.677865368,0
-3.4123128,0,4.686981,0,8.4383988,0,75.688796898,0
-3.4123128,0,4.65457356,0,8.35122132,0,74.699728428,0
-3.4123128,0,4.62216612,0,8.26404384,0,73.710659958,0
-3.4123128,0,4.58975868,0,8.17686636,0,72.721591488,0
-3.4123128,0,4.55735124,0,8.08968888,0,71.732523018,0
-3.4123128,0,4.5249438,0,8.0025114,0,70.743458214,0
-3.4123128,0,4.49253636,0,7.9247922,0,69.754389744,0
-3.4123128,0,4.46012892,0,7.847073,0,68.765321274,0
-3.4123128,0,4.42772148,0,7.7693538,0,67.776252804,0
-3.4123128,0,4.39531404,0,7.6916346,0,66.787184334,0
-3.4123128,0,4.3629066,0,7.6139154,0,65.798115864,0
-3.4123128,0,4.33530162,0,7.54433472,0,64.809047394,0
-3.4123128,0,4.30769664,0,7.47475404,0,63.819978924,0
-3.4123128,0,4.28009166,0,7.40517336,0,62.830910454,0
-3.4123128,0,4.25248668,0,7.33559268,0,61.841841984,0
-3.4123128,0,4.2248817,0,7.266012,0,60.85277718,0
-3.4123128,0,4.19727672,0,7.20361668,0,59.86370871,0
-3.4123128,0,4.16967174,0,7.14122136,0,58.87464024,0
-3.4123128,0,4.14206676,0,7.07882604,0,57.88557177,0
-3.4123128,0,4.11446178,0,7.01643072,0,56.8965033,0
-3.4123128,0,4.0868568,0,6.9540354,0,55.90743483,0
-3.4123128,0,4.06324776,0,6.9006951,0,54.91836636,0
-3.4123128,0,4.03963872,0,6.8473548,0,53.92929789,0
-3.4123128,0,4.01602968,0,6.7940145,0,52.94022942,0
-3.4123128,0,3.99242064,0,6.7406742,0,51.951164616,0
-3.4123128,0,3.9688116,0,6.6873339,0,50.962096146,0
-3.4123128,0,3.94520256,0,6.6339936,0,49.973027676,0
-3.4123128,0,3.92159352,0,6.5806533,0,48.983959206,0
-3.4123128,0,3.89798448,0,6.527313,0,47.994890736,0
-3.4123128,0,3.87437544,0,6.4739727,0,47.005822266,0
-3.4123128,0,3.8507664,0,6.4206324,0,46.016753796,0
-3.4123128,0,3.83045676,0,6.37711698,0,45.027685326,0
-3.4123128,0,3.81014712,0,6.33360156,0,44.038616856,0
-3.4123128,0,3.78983748,0,6.29008614,0,43.049548386,0
-3.4123128,0,3.76952784,0,6.24657072,0,42.060483582,0
-3.4123128,0,3.7492182,0,6.2030553,0,41.071415112,0
-3.4123128,0,3.72890856,0,6.15953988,0,40.082346642,0
-3.4123128,0,3.70859892,0,6.11602446,0,39.093278172,0
-3.4123128,0,3.68828928,0,6.07250904,0,38.104209702,0
-3.4123128,0,3.66797964,0,6.02899362,0,37.115141232,0
-3.4123128,0,3.64767,0,5.9854782,0,36.1260731286,0
-3.4123128,0,3.63018318,0,5.94969804,0,35.1370050252,0
-3.4123128,0,3.61269636,0,5.91391788,0,34.1479369218,0
-3.4123128,0,3.59520954,0,5.87813772,0,33.1588688184,0
-3.4123128,0,3.57772272,0,5.84235756,0,32.1698010816,0
-3.4123128,0,3.5602359,0,5.8065774,0,31.1807329782,0
-3.4123128,0,3.54274908,0,5.77079724,0,30.1916648748,0
-3.4123128,0,3.52526226,0,5.73501708,0,29.2025967714,0
-3.4123128,0,3.50777544,0,5.69923692,0,28.213528668,0
-3.4123128,0,3.49028862,0,5.66345676,0,27.2244605646,0
-3.4123128,0,3.4728018,0,5.6276766,0,26.2353924612,0
-3.4123128,0,3.45755124,0,5.59787202,0,25.2463243578,0
-3.4123128,0,3.44230068,0,5.56806744,0,24.2572562544,0
-3.4123128,0,3.42705012,0,5.53826286,0,23.268188151,0
-3.4123128,0,3.41179956,0,5.50845828,0,22.2791200476,0
-3.4123128,0,3.396549,0,5.4786537,0,21.2900519442,0
-3.4123128,0,3.38129844,0,5.44884912,0,20.3009838408,0
-3.4123128,0,3.36604788,0,5.41904454,0,19.3119157374,0
-3.4123128,0,3.35079732,0,5.38923996,0,18.322847634,0
-3.4123128,0,3.33554676,0,5.35943538,0,17.3337795306,0
-3.4123128,0,3.3202962,0,5.3296308,0,16.3447114272,0
-3.4123128,0,3.30695196,0,5.30477532,0,15.3556433238,0
-3.4123128,0,3.29360772,0,5.27991984,0,14.3665752204,0
-3.4123128,0,3.28026348,0,5.25506436,0,13.377507117,0
-3.4123128,0,3.26691924,0,5.23020888,0,12.3884390136,0
-3.4123128,0,3.253575,0,5.2053534,0,11.3993709102,0
-3.4123128,0,3.24023076,0,5.18049792,0,10.4103028068,0
-3.4123128,0,3.22688652,0,5.15564244,0,9.4212347034,0
-3.4123128,0,3.21354228,0,5.13078696,0,8.4321666,0
-3.4123128,0,3.20019804,0,5.10593148,0,7.654608,0
-3.4123128,0,3.1868538,0,5.081076,0,7.4999028,0
-3.4123128,0,3.1751226,0,5.062276752,0,7.51544664,0
-3.4123128,0,3.1633914,0,5.043477504,0,7.53099048,0
-3.4123128,0,3.1516602,0,5.024678256,0,7.54653432,0
-3.4123128,0,3.139929,0,5.005879008,0,7.56207816,0
-3.4123128,0,3.1281978,0,4.98707976,0,7.577622,0
-3.4123128,0,3.1164666,0,4.968280512,0,7.61985432,0
-3.4123128,0,3.1047354,0,4.949481264,0,7.66208664,0
-3.4123128,0,3.0930042,0,4.930682016,0,7.70431896,0
-3.4123128,0,3.081273,0,4.911882768,0,7.74655128,0
-3.4123128,0,3.0695418,0,4.89308352,0,7.7887836,0
-3.4123128,0,3.0590937,0,4.874284272,0,7.7782500822,0
-3.4123128,0,3.0486456,0,4.855485024,0,7.7677161978,0
-3.4123128,0,3.0381975,0,4.836685776,0,7.75718268,0
-3.4123128,0,3.0277494,0,4.817886528,0,7.7466491622,0
-3.4123128,0,3.0173013,0,4.79908728,0,7.7361152778,0
-3.4123128,0,3.0068532,0,4.780288032,0,7.72558176,0
-3.4123128,0,2.9964051,0,4.761488784,0,7.7150482422,0
-3.4123128,0,2.985957,0,4.742689536,0,7.7045143578,0
-3.4123128,0,2.9755089,0,4.723890288,0,7.69398084,0
-3.4123128,0,2.9650608,0,4.70509104,0,7.6834473222,0
-3.4123128,0,2.95585914,0,4.686291792,0,7.6729134378,0
-3.4123128,0,2.94665748,0,4.667492544,0,7.66237992,0
-3.4123128,0,2.93745582,0,4.648693296,0,7.6518464022,0
-3.4123128,0,2.92825416,0,4.629894048,0,7.6413125178,0
-3.4123128,0,2.9190525,0,4.6110948,0,7.630779,0
-3.4123128,0,2.90985084,0,4.598014512,0,7.617962664,0
-3.4123128,0,2.90064918,0,4.584934224,0,7.605146328,0
-3.4123128,0,2.89144752,0,4.571853936,0,7.592329992,0
-3.4123128,0,2.88224586,0,4.558773648,0,7.579513656,0
-3.4123128,0,2.8730442,0,4.54569336,0,7.56669732,0
-3.4123128,0,2.86468572,0,4.532613072,0,7.553880984,0
-3.4123128,0,2.85632724,0,4.519532784,0,7.541064648,0
-3.4123128,0,2.84796876,0,4.506452496,0,7.528248312,0
-3.4123128,0,2.83961028,0,4.493372208,0,7.515431976,0
-3.4123128,0,2.8312518,0,4.48029192,0,7.50261564,0
-3.4123128,0,2.82289332,0,4.467211632,0,7.489799304,0
-3.4123128,0,2.81453484,0,4.454131344,0,7.476982968,0
-3.4123128,0,2.80617636,0,4.441051056,0,7.464166632,0
-3.4123128,0,2.79781788,0,4.427970768,0,7.451350296,0
-3.4123128,0,2.7894594,0,4.41489048,0,7.43853396,0
-3.4123128,0,2.78190744,0,4.401810192,0,7.425717624,0
-3.4123128,0,2.77435548,0,4.388729904,0,7.412901288,0
-3.4123128,0,2.76680352,0,4.375649616,0,7.400084952,0
-3.4123128,0,2.75925156,0,4.362569328,0,7.387268616,0
-3.4123128,0,2.7516996,0,4.34948904,0,7.37445228,0
-3.4123128,0,2.74414764,0,4.336408752,0,7.361635944,0
-3.4123128,0,2.73659568,0,4.323328464,0,7.348819608,0
-3.4123128,0,2.72904372,0,4.310248176,0,7.336003272,0
-3.4123128,0,2.72149176,0,4.297167888,0,7.323186936,0
-3.4123128,0,2.7139398,0,4.2840876,0,7.3103706,0
-3.4123128,0,2.708125524,0,4.274424024,0,7.302628008,0
-3.4123128,0,2.702311248,0,4.264760448,0,7.294885416,0
-3.4123128,0,2.696496972,0,4.255096872,0,7.287142824,0
-3.4123128,0,2.690682696,0,4.245433296,0,7.279400232,0
-3.4123128,0,2.68486842,0,4.23576972,0,7.27165764,0
-3.4123128,0,2.679054144,0,4.226106144,0,7.263915048,0
-3.4123128,0,2.673239868,0,4.216442568,0,7.256172456,0
-3.4123128,0,2.667425592,0,4.206778992,0,7.248429864,0
-3.4123128,0,2.661611316,0,4.197115416,0,7.240687272,0
-3.4123128,0,2.65579704,0,4.18745184,0,7.23294468,0
-3.4123128,0,2.649982764,0,4.177788264,0,7.225202088,0
-3.4123128,0,2.644168488,0,4.168124688,0,7.217459496,0
-3.4123128,0,2.638354212,0,4.158461112,0,7.209716904,0
-3.4123128,0,2.632539936,0,4.148797536,0,7.201974312,0
-3.4123128,0,2.62672566,0,4.13913396,0,7.19423172,0
-3.4123128,0,2.620911384,0,4.129470384,0,7.186489128,0
-3.4123128,0,2.615097108,0,4.119806808,0,7.178746536,0
-3.4123128,0,2.609282832,0,4.110143232,0,7.171003944,0
-3.4123128,0,2.603468556,0,4.100479656,0,7.163261352,0
-3.4123128,0,2.59765428,0,4.09081608,0,7.15551876,0
-3.4123128,0,2.591840004,0,4.081152504,0,7.147776168,0
-3.4123128,0,2.586025728,0,4.071488928,0,7.140033576,0
-3.4123128,0,2.580211452,0,4.061825352,0,7.132290984,0
-3.4123128,0,2.574397176,0,4.052161776,0,7.124548392,0
-3.4123128,0,2.5685829,0,4.0424982,0,7.1168058,0
-3.4123128,0,2.562768624,0,4.034916912,0,7.109063208,0
-3.4123128,0,2.556954348,0,4.027335624,0,7.101320616,0
-3.4123128,0,2.551140072,0,4.019754336,0,7.093578024,0
-3.4123128,0,2.545325796,0,4.012173048,0,7.085835432,0
-3.4123128,0,2.53951152,0,4.00459176,0,7.07809284,0
-3.4123128,0,2.533697244,0,3.997010472,0,7.070350248,0
-3.4123128,0,2.527882968,0,3.989429184,0,7.062607656,0
-3.4123128,0,2.522068692,0,3.981847896,0,7.054865064,0
-3.4123128,0,2.516254416,0,3.974266608,0,7.047122472,0
-3.4123128,0,2.51044014,0,3.96668532,0,7.03937988,0
-3.4123128,0,2.504625864,0,3.959104032,0,7.031637288,0
-3.4123128,0,2.498811588,0,3.951522744,0,7.023894696,0
-3.4123128,0,2.492997312,0,3.943941456,0,7.016152104,0
-3.4123128,0,2.487183036,0,3.936360168,0,7.008409512,0
-3.4123128,0,2.48136876,0,3.92877888,0,7.00066692,0
-3.4123128,0,2.475554484,0,3.921197592,0,6.992924328,0
-3.4123128,0,2.469740208,0,3.913616304,0,6.985181736,0
-3.4123128,0,2.463925932,0,3.906035016,0,6.977439144,0
-3.4123128,0,2.458111656,0,3.898453728,0,6.969696552,0
-3.4123128,0,2.45229738,0,3.89087244,0,6.96195396,0
-3.4123128,0,2.446483104,0,3.883291152,0,6.954211368,0
-3.4123128,0,2.440668828,0,3.875709864,0,6.946468776,0
-3.4123128,0,2.434854552,0,3.868128576,0,6.938726184,0
-3.4123128,0,2.429040276,0,3.860547288,0,6.930983592,0
-3.4123128,0,2.423226,0,3.852966,0,6.923241,0
-3.4123128,0,2.419142076,0,3.846704472,0,6.914054004,0
-3.4123128,0,2.415058152,0,3.840442944,0,6.904867008,0
-3.4123128,0,2.410974228,0,3.834181416,0,6.895680012,0
-3.4123128,0,2.406890304,0,3.827919888,0,6.886493016,0
-3.4123128,0,2.40280638,0,3.82165836,0,6.87730602,0
-3.4123128,0,2.398722456,0,3.815396832,0,6.868119024,0
-3.4123128,0,2.394638532,0,3.809135304,0,6.858932028,0
-3.4123128,0,2.390554608,0,3.802873776,0,6.849745032,0
-3.4123128,0,2.386470684,0,3.796612248,0,6.840558036,0
-3.4123128,0,2.38238676,0,3.79035072,0,6.83137104,0
-3.4123128,0,2.378302836,0,3.784089192,0,6.822184044,0
-3.4123128,0,2.374218912,0,3.777827664,0,6.812997048,0
-3.4123128,0,2.370134988,0,3.771566136,0,6.803810052,0
-3.4123128,0,2.366051064,0,3.765304608,0,6.794623056,0
-3.4123128,0,2.36196714,0,3.75904308,0,6.78543606,0
-3.4123128,0,2.357883216,0,3.752781552,0,6.776249064,0
-3.4123128,0,2.353799292,0,3.746520024,0,6.767062068,0
-3.4123128,0,2.349715368,0,3.740258496,0,6.757875072,0
-3.4123128,0,2.345631444,0,3.733996968,0,6.748688076,0
-3.4123128,0,2.34154752,0,3.72773544,0,6.73950108,0
-3.4123128,0,2.337463596,0,3.721473912,0,6.730314084,0
-3.4123128,0,2.333379672,0,3.715212384,0,6.721127088,0
-3.4123128,0,2.329295748,0,3.708950856,0,6.711940092,0
-3.4123128,0,2.325211824,0,3.702689328,0,6.702753096,0
-3.4123128,0,2.3211279,0,3.6964278,0,6.6935661,0
-3.4123128,0,2.317043976,0,3.690987456,0,6.684379104,0
-3.4123128,0,2.312960052,0,3.685547112,0,6.675192108,0
-3.4123128,0,2.308876128,0,3.680106768,0,6.666005112,0
-3.4123128,0,2.304792204,0,3.674666424,0,6.656818116,0
-3.4123128,0,2.30070828,0,3.66922608,0,6.64763112,0
-3.4123128,0,2.296624356,0,3.663785736,0,6.638444124,0
-3.4123128,0,2.292540432,0,3.658345392,0,6.629257128,0
-3.4123128,0,2.288456508,0,3.652905048,0,6.620070132,0
-3.4123128,0,2.284372584,0,3.647464704,0,6.610883136,0
-3.4123128,0,2.28028866,0,3.64202436,0,6.60169614,0
-3.4123128,0,2.276204736,0,3.636584016,0,6.592509144,0
-3.4123128,0,2.272120812,0,3.631143672,0,6.583322148,0
-3.4123128,0,2.268036888,0,3.625703328,0,6.574135152,0
-3.4123128,0,2.263952964,0,3.620262984,0,6.564948156,0
-3.4123128,0,2.25986904,0,3.61482264,0,6.55576116,0
-3.4123128,0,2.255785116,0,3.609382296,0,6.546574164,0
-3.4123128,0,2.251701192,0,3.603941952,0,6.537387168,0
-3.4123128,0,2.247617268,0,3.598501608,0,6.528200172,0
-3.4123128,0,2.243533344,0,3.593061264,0,6.519013176,0
-3.4123128,0,2.23944942,0,3.58762092,0,6.50982618,0
-3.4123128,0,2.235365496,0,3.582180576,0,6.500639184,0
-3.4123128,0,2.231281572,0,3.576740232,0,6.491452188,0
-3.4123128,0,2.227197648,0,3.571299888,0,6.482265192,0
-3.4123128,0,2.223113724,0,3.565859544,0,6.473078196,0
-3.4123128,0,2.2190298,0,3.5604192,0,6.4638912,0
-3.4123128,0,2.215855044,0,3.555609408,0,6.453179148,0
-3.4123128,0,2.212680288,0,3.550799616,0,6.442467096,0
-3.4123128,0,2.209505532,0,3.545989824,0,6.431755044,0
-3.4123128,0,2.206330776,0,3.541180032,0,6.421042992,0
-3.4123128,0,2.20315602,0,3.53637024,0,6.41033094,0
-3.4123128,0,2.199981264,0,3.531560448,0,6.399618888,0
-3.4123128,0,2.196806508,0,3.526750656,0,6.388906836,0
-3.4123128,0,2.193631752,0,3.521940864,0,6.378194784,0
-3.4123128,0,2.190456996,0,3.517131072,0,6.367482732,0
-3.4123128,0,2.18728224,0,3.51232128,0,6.35677068,0
-3.4123128,0,2.184107484,0,3.507511488,0,6.346058628,0
-3.4123128,0,2.180932728,0,3.502701696,0,6.335346576,0
-3.4123128,0,2.177757972,0,3.497891904,0,6.324634524,0
-3.4123128,0,2.174583216,0,3.493082112,0,6.313922472,0
-3.4123128,0,2.17140846,0,3.48827232,0,6.30321042,0
-3.4123128,0,2.168233704,0,3.483462528,0,6.292498368,0
-3.4123128,0,2.165058948,0,3.478652736,0,6.281786316,0
-3.4123128,0,2.161884192,0,3.473842944,0,6.271074264,0
-3.4123128,0,2.158709436,0,3.469033152,0,6.260362212,0
-3.4123128,0,2.15553468,0,3.46422336,0,6.24965016,0
-3.4123128,0,2.152359924,0,3.459413568,0,6.238938108,0
-3.4123128,0,2.149185168,0,3.454603776,0,6.228226056,0
-3.4123128,0,2.146010412,0,3.449793984,0,6.217514004,0
-3.4123128,0,2.142835656,0,3.444984192,0,6.206801952,0
-3.4123128,0,2.1396609,0,3.4401744,0,6.1960899,0
-3.4123128,0,2.136486144,0,3.435760536,0,6.185377848,0
-3.4123128,0,2.133311388,0,3.431346672,0,6.174665796,0
-3.4123128,0,2.130136632,0,3.426932808,0,6.163953744,0
-3.4123128,0,2.126961876,0,3.422518944,0,6.153241692,0
-3.4123128,0,2.12378712,0,3.41810508,0,6.14252964,0
-3.4123128,0,2.120612364,0,3.413691216,0,6.131817588,0
-3.4123128,0,2.117437608,0,3.409277352,0,6.121105536,0
-3.4123128,0,2.114262852,0,3.404863488,0,6.110393484,0
-3.4123128,0,2.111088096,0,3.400449624,0,6.099681432,0
-3.4123128,0,2.10791334,0,3.39603576,0,6.08896938,0
-3.4123128,0,2.104738584,0,3.391621896,0,6.078257328,0
-3.4123128,0,2.101563828,0,3.387208032,0,6.067545276,0
-3.4123128,0,2.098389072,0,3.382794168,0,6.056833224,0
-3.4123128,0,2.095214316,0,3.378380304,0,6.046121172,0
-3.4123128,0,2.09203956,0,3.37396644,0,6.03540912,0
-3.4123128,0,2.088864804,0,3.369552576,0,6.024697068,0
-3.4123128,0,2.085690048,0,3.365138712,0,6.013985016,0
-3.4123128,0,2.082515292,0,3.360724848,0,6.003272964,0
-3.4123128,0,2.079340536,0,3.356310984,0,5.992560912,0
-3.4123128,0,2.07616578,0,3.35189712,0,5.98184886,0
-3.4123128,0,2.072991024,0,3.347483256,0,5.971136808,0
-3.4123128,0,2.069816268,0,3.343069392,0,5.960424756,0
-3.4123128,0,2.066641512,0,3.338655528,0,5.949712704,0
-3.4123128,0,2.063466756,0,3.334241664,0,5.939000652,0
-3.4123128,0,2.060292,0,3.3298278,0,5.9282886,0
-3.4123128,0,2.0685405,0,3.325707216,0,5.9185737,0
-3.4123128,0,2.076789,0,3.321586632,0,5.9088588,0
-3.4123128,0,2.0850375,0,3.317466048,0,5.8991439,0
-3.4123128,0,2.093286,0,3.313345464,0,5.889429,0
-3.4123128,0,2.1015345,0,3.30922488,0,5.8797141,0
-3.4123128,0,2.109783,0,3.305104296,0,5.8699992,0
-3.4123128,0,2.1180315,0,3.300983712,0,5.8602843,0
-3.4123128,0,2.12628,0,3.296863128,0,5.8505694,0
-3.4123128,0,2.1345285,0,3.292742544,0,5.8408545,0
-3.4123128,0,2.142777,0,3.28862196,0,5.8311396,0
-3.4123128,0,2.1510255,0,3.284501376,0,5.8214247,0
-3.4123128,0,2.159274,0,3.280380792,0,5.8117098,0
-3.4123128,0,2.1675225,0,3.276260208,0,5.8019949,0
-3.4123128,0,2.175771,0,3.272139624,0,5.79228,0
-3.4123128,0,2.1840195,0,3.26801904,0,5.7825651,0
-3.4123128,0,2.192268,0,3.263898456,0,5.7728502,0
-3.4123128,0,2.2005165,0,3.259777872,0,5.7631353,0
-3.4123128,0,2.208765,0,3.255657288,0,5.7534204,0
-3.4123128,0,2.2170135,0,3.251536704,0,5.7437055,0
-3.4123128,0,2.225262,0,3.24741612,0,5.7339906,0
-3.4123128,0,2.2335105,0,3.243295536,0,5.7242757,0
-3.4123128,0,2.241759,0,3.239174952,0,5.7145608,0
-3.4123128,0,2.2500075,0,3.235054368,0,5.7048459,0
-3.4123128,0,2.258256,0,3.230933784,0,5.695131,0
-3.4123128,0,2.2665045,0,3.2268132,0,5.6854161,0
-3.4123128,0,2.274753,0,3.222971232,0,5.6757012,0
-3.4123128,0,2.2830015,0,3.219129264,0,5.6659863,0
-3.4123128,0,2.29125,0,3.215287296,0,5.6562714,0
-3.4123128,0,2.2994985,0,3.211445328,0,5.6465565,0
-3.4123128,0,2.307747,0,3.20760336,0,5.6368416,0
-3.4123128,0,2.3159955,0,3.203761392,0,5.6271267,0
-3.4123128,0,2.324244,0,3.199919424,0,5.6174118,0
-3.4123128,0,2.3324925,0,3.196077456,0,5.6076969,0
-3.4123128,0,2.340741,0,3.192235488,0,5.597982,0
-3.4123128,0,2.3489895,0,3.18839352,0,5.5882671,0
-3.4123128,0,2.357238,0,3.184551552,0,5.5785522,0
-3.4123128,0,2.3654865,0,3.180709584,0,5.5688373,0
-3.4123128,0,2.373735,0,3.176867616,0,5.5591224,0
-3.4123128,0,2.3819835,0,3.173025648,0,5.5494075,0
-3.4123128,0,2.390232,0,3.16918368,0,5.5396926,0
-3.4123128,0,2.3984805,0,3.165341712,0,5.5299777,0
-3.4123128,0,2.406729,0,3.161499744,0,5.5202628,0
-3.4123128,0,2.4149775,0,3.157657776,0,5.5105479,0
-3.4123128,0,2.423226,0,3.153815808,0,5.500833,0
-3.4123128,0,2.4314745,0,3.14997384,0,5.4911181,0
-3.4123128,0,2.439723,0,3.146131872,0,5.4814032,0
-3.4123128,0,2.4479715,0,3.142289904,0,5.4716883,0
-3.4123128,0,2.45622,0,3.138447936,0,5.4619734,0
-3.4123128,0,2.4644685,0,3.134605968,0,5.4522585,0
-3.4123128,0,2.472717,0,3.130764,0,5.4425436,0
-12.5095387248,0,7.583269473,0,12.192042653856,0,21.6974911842,0
-12.5095387248,0,7.613508474,0,12.176936592912,0,21.6618763608,0
-12.5095387248,0,7.643747475,0,12.161830531968,0,21.6262615374,0
-12.5095387248,0,7.673986476,0,12.146724471024,0,21.590646714,0
-12.5095387248,0,7.704225477,0,12.13161841008,0,21.5550318906,0
-12.5095387248,0,7.734464478,0,12.116512349136,0,21.5194170672,0
-12.5095387248,0,7.764703479,0,12.101406288192,0,21.4838022438,0
-12.5095387248,0,7.79494248,0,12.086300227248,0,21.4481874204,0
-12.5095387248,0,7.825181481,0,12.071194166304,0,21.412572597,0
-12.5095387248,0,7.855420482,0,12.05608810536,0,21.3769577736,0
-12.5095387248,0,7.885659483,0,12.040982044416,0,21.3413429502,0
-12.5095387248,0,7.915898484,0,12.025875983472,0,21.3057281268,0
-12.5095387248,0,7.946137485,0,12.010769922528,0,21.2701133034,0
-12.5095387248,0,7.976376486,0,11.995663861584,0,21.23449848,0
